_time,_measurement,_field,_value
2024-08-26 02:20:00+00:00,mqtt_consumer,ax,-3.9285185185185187
2024-08-26 02:21:00+00:00,mqtt_consumer,ax,-3.9287499999999995
2024-08-26 02:22:00+00:00,mqtt_consumer,ax,-3.9339999999999997
2024-08-26 02:23:00+00:00,mqtt_consumer,ax,-3.927250000000001
2024-08-26 02:24:00+00:00,mqtt_consumer,ax,-3.9442500000000003
2024-08-26 02:25:00+00:00,mqtt_consumer,ax,-3.93
2024-08-26 02:26:00+00:00,mqtt_consumer,ax,-3.9292499999999997
2024-08-26 02:27:00+00:00,mqtt_consumer,ax,-3.9319999999999995
2024-08-26 02:28:00+00:00,mqtt_consumer,ax,-3.9239999999999995
2024-08-26 02:29:00+00:00,mqtt_consumer,ax,-3.9322499999999985
2024-08-26 02:30:00+00:00,mqtt_consumer,ax,-3.9297499999999985
2024-08-26 02:31:00+00:00,mqtt_consumer,ax,-3.9285000000000005
2024-08-26 02:32:00+00:00,mqtt_consumer,ax,-3.9165000000000005
2024-08-26 02:33:00+00:00,mqtt_consumer,ax,-3.92725
2024-08-26 02:34:00+00:00,mqtt_consumer,ax,-3.9265
2024-08-26 02:35:00+00:00,mqtt_consumer,ax,-3.92875
2024-08-26 02:36:00+00:00,mqtt_consumer,ax,-3.9242500000000007
2024-08-26 02:37:00+00:00,mqtt_consumer,ax,-3.9297499999999985
2024-08-26 02:38:00+00:00,mqtt_consumer,ax,-3.9265
2024-08-26 02:39:00+00:00,mqtt_consumer,ax,-3.9242500000000007
2024-08-26 02:40:00+00:00,mqtt_consumer,ax,-3.9347499999999997
2024-08-26 02:41:00+00:00,mqtt_consumer,ax,-3.932750000000001
2024-08-26 02:42:00+00:00,mqtt_consumer,ax,-3.9322499999999985
2024-08-26 02:43:00+00:00,mqtt_consumer,ax,-3.9314999999999998
2024-08-26 02:44:00+00:00,mqtt_consumer,ax,-3.93475
2024-08-26 02:45:00+00:00,mqtt_consumer,ax,-3.9415
2024-08-26 02:46:00+00:00,mqtt_consumer,ax,-3.9347499999999997
2024-08-26 02:47:00+00:00,mqtt_consumer,ax,-3.9245000000000005
2024-08-26 02:48:00+00:00,mqtt_consumer,ax,-3.9169999999999994
2024-08-26 02:49:00+00:00,mqtt_consumer,ax,-3.9267499999999993
2024-08-26 02:50:00+00:00,mqtt_consumer,ax,-3.928000000000001
2024-08-26 02:51:00+00:00,mqtt_consumer,ax,-3.9227499999999993
2024-08-26 02:52:00+00:00,mqtt_consumer,ax,-3.93175
2024-08-26 02:53:00+00:00,mqtt_consumer,ax,-3.9284999999999988
2024-08-26 02:54:00+00:00,mqtt_consumer,ax,-3.9225000000000003
2024-08-26 02:55:00+00:00,mqtt_consumer,ax,-3.9277499999999987
2024-08-26 02:56:00+00:00,mqtt_consumer,ax,-3.92425
2024-08-26 02:57:00+00:00,mqtt_consumer,ax,-3.9222499999999996
2024-08-26 02:58:00+00:00,mqtt_consumer,ax,-3.9252499999999992
2024-08-26 02:59:00+00:00,mqtt_consumer,ax,-3.922250000000001
2024-08-26 03:00:00+00:00,mqtt_consumer,ax,-3.918999999999999
2024-08-26 03:01:00+00:00,mqtt_consumer,ax,-3.92425
2024-08-26 03:02:00+00:00,mqtt_consumer,ax,-3.9267499999999984
2024-08-26 03:03:00+00:00,mqtt_consumer,ax,-3.9275000000000007
2024-08-26 03:04:00+00:00,mqtt_consumer,ax,-3.9162500000000002
2024-08-26 03:05:00+00:00,mqtt_consumer,ax,-3.9292499999999997
2024-08-26 03:06:00+00:00,mqtt_consumer,ax,-3.9345
2024-08-26 03:07:00+00:00,mqtt_consumer,ax,-3.9227499999999997
2024-08-26 03:08:00+00:00,mqtt_consumer,ax,-3.9302499999999996
2024-08-26 03:09:00+00:00,mqtt_consumer,ax,-3.9155000000000006
2024-08-26 03:10:00+00:00,mqtt_consumer,ax,-3.92575
2024-08-26 03:11:00+00:00,mqtt_consumer,ax,-3.9277499999999996
2024-08-26 03:12:00+00:00,mqtt_consumer,ax,-3.93125
2024-08-26 03:13:00+00:00,mqtt_consumer,ax,-3.9170000000000007
2024-08-26 03:14:00+00:00,mqtt_consumer,ax,-3.9277500000000005
2024-08-26 03:15:00+00:00,mqtt_consumer,ax,-3.9284999999999997
2024-08-26 03:16:00+00:00,mqtt_consumer,ax,-3.9207500000000004
2024-08-26 03:17:00+00:00,mqtt_consumer,ax,-3.9297500000000007
2024-08-26 03:18:00+00:00,mqtt_consumer,ax,-3.9287499999999995
2024-08-26 03:19:00+00:00,mqtt_consumer,ax,-3.925
2024-08-26 03:20:00+00:00,mqtt_consumer,ax,-3.9195
2024-08-26 03:21:00+00:00,mqtt_consumer,ax,-3.9232500000000003
2024-08-26 03:22:00+00:00,mqtt_consumer,ax,-3.9212500000000006
2024-08-26 03:23:00+00:00,mqtt_consumer,ax,-3.9234999999999993
2024-08-26 03:24:00+00:00,mqtt_consumer,ax,-3.9265
2024-08-26 03:25:00+00:00,mqtt_consumer,ax,-3.9169999999999994
2024-08-26 03:26:00+00:00,mqtt_consumer,ax,-3.923000000000002
2024-08-26 03:27:00+00:00,mqtt_consumer,ax,-3.9239999999999995
2024-08-26 03:28:00+00:00,mqtt_consumer,ax,-3.924499999999999
2024-08-26 03:29:00+00:00,mqtt_consumer,ax,-3.9205000000000005
2024-08-26 03:30:00+00:00,mqtt_consumer,ax,-3.92425
2024-08-26 03:31:00+00:00,mqtt_consumer,ax,-3.9262499999999987
2024-08-26 03:32:00+00:00,mqtt_consumer,ax,-3.916749999999999
2024-08-26 03:33:00+00:00,mqtt_consumer,ax,-3.9262499999999996
2024-08-26 03:34:00+00:00,mqtt_consumer,ax,-3.9252499999999992
2024-08-26 03:35:00+00:00,mqtt_consumer,ax,-3.92425
2024-08-26 03:36:00+00:00,mqtt_consumer,ax,-3.9372499999999997
2024-08-26 03:37:00+00:00,mqtt_consumer,ax,-3.9210000000000003
2024-08-26 03:38:00+00:00,mqtt_consumer,ax,-3.9152499999999995
2024-08-26 03:39:00+00:00,mqtt_consumer,ax,-3.9202500000000002
2024-08-26 03:40:00+00:00,mqtt_consumer,ax,-3.9267499999999997
2024-08-26 03:41:00+00:00,mqtt_consumer,ax,-3.916499999999999
2024-08-26 03:42:00+00:00,mqtt_consumer,ax,-3.9300000000000006
2024-08-26 03:43:00+00:00,mqtt_consumer,ax,-3.928
2024-08-26 03:44:00+00:00,mqtt_consumer,ax,-3.9254999999999995
2024-08-26 03:45:00+00:00,mqtt_consumer,ax,-3.9135000000000004
2024-08-26 03:46:00+00:00,mqtt_consumer,ax,-3.9284999999999997
2024-08-26 03:47:00+00:00,mqtt_consumer,ax,-3.931750000000001
2024-08-26 03:48:00+00:00,mqtt_consumer,ax,-3.91425
2024-08-26 03:49:00+00:00,mqtt_consumer,ax,-3.9199999999999995
2024-08-26 03:50:00+00:00,mqtt_consumer,ax,-3.9272499999999995
2024-08-26 03:51:00+00:00,mqtt_consumer,ax,-3.9200000000000004
2024-08-26 03:52:00+00:00,mqtt_consumer,ax,-3.9130000000000003
2024-08-26 03:53:00+00:00,mqtt_consumer,ax,-3.9157500000000005
2024-08-26 03:54:00+00:00,mqtt_consumer,ax,-3.9159999999999995
2024-08-26 03:55:00+00:00,mqtt_consumer,ax,-3.9307499999999997
2024-08-26 03:56:00+00:00,mqtt_consumer,ax,-3.9200000000000004
2024-08-26 03:57:00+00:00,mqtt_consumer,ax,-3.9244999999999997
2024-08-26 03:58:00+00:00,mqtt_consumer,ax,-3.9279999999999995
2024-08-26 03:59:00+00:00,mqtt_consumer,ax,-3.9092499999999992
2024-08-26 04:00:00+00:00,mqtt_consumer,ax,-3.9197499999999996
2024-08-26 04:01:00+00:00,mqtt_consumer,ax,-3.9197500000000014
2024-08-26 04:02:00+00:00,mqtt_consumer,ax,-3.9219999999999993
2024-08-26 04:03:00+00:00,mqtt_consumer,ax,-3.9217500000000007
2024-08-26 04:04:00+00:00,mqtt_consumer,ax,-3.9297499999999994
2024-08-26 04:05:00+00:00,mqtt_consumer,ax,-3.915
2024-08-26 04:06:00+00:00,mqtt_consumer,ax,-3.914249999999999
2024-08-26 04:07:00+00:00,mqtt_consumer,ax,-3.91575
2024-08-26 04:08:00+00:00,mqtt_consumer,ax,-3.919249999999999
2024-08-26 04:09:00+00:00,mqtt_consumer,ax,-3.91875
2024-08-26 04:10:00+00:00,mqtt_consumer,ax,-3.9222500000000005
2024-08-26 04:11:00+00:00,mqtt_consumer,ax,-3.9144999999999994
2024-08-26 04:12:00+00:00,mqtt_consumer,ax,-3.9277499999999987
2024-08-26 04:13:00+00:00,mqtt_consumer,ax,-3.9285000000000005
2024-08-26 04:14:00+00:00,mqtt_consumer,ax,-3.919999999999998
2024-08-26 04:15:00+00:00,mqtt_consumer,ax,-3.920749999999999
2024-08-26 04:16:00+00:00,mqtt_consumer,ax,-3.9204999999999997
2024-08-26 04:17:00+00:00,mqtt_consumer,ax,-3.9175000000000004
2024-08-26 04:18:00+00:00,mqtt_consumer,ax,-3.9207500000000004
2024-08-26 04:19:00+00:00,mqtt_consumer,ax,-3.9152500000000003
2024-08-26 04:20:00+00:00,mqtt_consumer,ax,-3.9255000000000004
2024-08-26 04:21:00+00:00,mqtt_consumer,ax,-3.91275
2024-08-26 04:22:00+00:00,mqtt_consumer,ax,-3.9184999999999994
2024-08-26 04:23:00+00:00,mqtt_consumer,ax,-3.917499999999999
2024-08-26 04:24:00+00:00,mqtt_consumer,ax,-3.9207499999999995
2024-08-26 04:25:00+00:00,mqtt_consumer,ax,-3.915749999999999
2024-08-26 04:26:00+00:00,mqtt_consumer,ax,-3.9199999999999995
2024-08-26 04:27:00+00:00,mqtt_consumer,ax,-3.91125
2024-08-26 04:28:00+00:00,mqtt_consumer,ax,-3.9300000000000006
2024-08-26 04:29:00+00:00,mqtt_consumer,ax,-3.9240000000000004
2024-08-26 04:30:00+00:00,mqtt_consumer,ax,-3.923000000000001
2024-08-26 04:31:00+00:00,mqtt_consumer,ax,-3.92575
2024-08-26 04:32:00+00:00,mqtt_consumer,ax,-3.9254999999999995
2024-08-26 04:33:00+00:00,mqtt_consumer,ax,-3.91875
2024-08-26 04:34:00+00:00,mqtt_consumer,ax,-3.915
2024-08-26 04:35:00+00:00,mqtt_consumer,ax,-3.9234999999999998
2024-08-26 04:36:00+00:00,mqtt_consumer,ax,-3.8955000000000006
2024-08-26 04:37:00+00:00,mqtt_consumer,ax,-3.90725
2024-08-26 04:38:00+00:00,mqtt_consumer,ax,-3.9004999999999996
2024-08-26 04:39:00+00:00,mqtt_consumer,ax,-3.9012499999999997
2024-08-26 04:40:00+00:00,mqtt_consumer,ax,-3.904
2024-08-26 04:41:00+00:00,mqtt_consumer,ax,-3.907
2024-08-26 04:42:00+00:00,mqtt_consumer,ax,-3.900500000000001
2024-08-26 04:43:00+00:00,mqtt_consumer,ax,-3.8882499999999993
2024-08-26 04:44:00+00:00,mqtt_consumer,ax,-3.901111111111111
2024-08-26 02:20:00+00:00,mqtt_consumer,ay,4.952222222222223
2024-08-26 02:21:00+00:00,mqtt_consumer,ay,4.9615
2024-08-26 02:22:00+00:00,mqtt_consumer,ay,4.963500000000001
2024-08-26 02:23:00+00:00,mqtt_consumer,ay,4.956999999999999
2024-08-26 02:24:00+00:00,mqtt_consumer,ay,4.9505
2024-08-26 02:25:00+00:00,mqtt_consumer,ay,4.95315789473684
2024-08-26 02:26:00+00:00,mqtt_consumer,ay,4.94675
2024-08-26 02:27:00+00:00,mqtt_consumer,ay,4.956249999999999
2024-08-26 02:28:00+00:00,mqtt_consumer,ay,4.958999999999998
2024-08-26 02:29:00+00:00,mqtt_consumer,ay,4.959749999999999
2024-08-26 02:30:00+00:00,mqtt_consumer,ay,4.9635
2024-08-26 02:31:00+00:00,mqtt_consumer,ay,4.956249999999999
2024-08-26 02:32:00+00:00,mqtt_consumer,ay,4.956999999999998
2024-08-26 02:33:00+00:00,mqtt_consumer,ay,4.9615
2024-08-26 02:34:00+00:00,mqtt_consumer,ay,4.958499999999999
2024-08-26 02:35:00+00:00,mqtt_consumer,ay,4.951249999999999
2024-08-26 02:36:00+00:00,mqtt_consumer,ay,4.96425
2024-08-26 02:37:00+00:00,mqtt_consumer,ay,4.953749999999998
2024-08-26 02:38:00+00:00,mqtt_consumer,ay,4.961500000000001
2024-08-26 02:39:00+00:00,mqtt_consumer,ay,4.958499999999999
2024-08-26 02:40:00+00:00,mqtt_consumer,ay,4.953499999999998
2024-08-26 02:41:00+00:00,mqtt_consumer,ay,4.9670000000000005
2024-08-26 02:42:00+00:00,mqtt_consumer,ay,4.9537499999999985
2024-08-26 02:43:00+00:00,mqtt_consumer,ay,4.961249999999998
2024-08-26 02:44:00+00:00,mqtt_consumer,ay,4.969500000000001
2024-08-26 02:45:00+00:00,mqtt_consumer,ay,4.951999999999998
2024-08-26 02:46:00+00:00,mqtt_consumer,ay,4.9682499999999985
2024-08-26 02:47:00+00:00,mqtt_consumer,ay,4.962499999999998
2024-08-26 02:48:00+00:00,mqtt_consumer,ay,4.961999999999999
2024-08-26 02:49:00+00:00,mqtt_consumer,ay,4.966749999999999
2024-08-26 02:50:00+00:00,mqtt_consumer,ay,4.961500000000001
2024-08-26 02:51:00+00:00,mqtt_consumer,ay,4.964250000000001
2024-08-26 02:52:00+00:00,mqtt_consumer,ay,4.954750000000002
2024-08-26 02:53:00+00:00,mqtt_consumer,ay,4.959999999999998
2024-08-26 02:54:00+00:00,mqtt_consumer,ay,4.96825
2024-08-26 02:55:00+00:00,mqtt_consumer,ay,4.96575
2024-08-26 02:56:00+00:00,mqtt_consumer,ay,4.963999999999998
2024-08-26 02:57:00+00:00,mqtt_consumer,ay,4.9670000000000005
2024-08-26 02:58:00+00:00,mqtt_consumer,ay,4.9624999999999995
2024-08-26 02:59:00+00:00,mqtt_consumer,ay,4.958
2024-08-26 03:00:00+00:00,mqtt_consumer,ay,4.95925
2024-08-26 03:01:00+00:00,mqtt_consumer,ay,4.962249999999999
2024-08-26 03:02:00+00:00,mqtt_consumer,ay,4.959249999999999
2024-08-26 03:03:00+00:00,mqtt_consumer,ay,4.967749999999999
2024-08-26 03:04:00+00:00,mqtt_consumer,ay,4.953499999999999
2024-08-26 03:05:00+00:00,mqtt_consumer,ay,4.958
2024-08-26 03:06:00+00:00,mqtt_consumer,ay,4.952499999999997
2024-08-26 03:07:00+00:00,mqtt_consumer,ay,4.9665
2024-08-26 03:08:00+00:00,mqtt_consumer,ay,4.95525
2024-08-26 03:09:00+00:00,mqtt_consumer,ay,4.960499999999998
2024-08-26 03:10:00+00:00,mqtt_consumer,ay,4.95175
2024-08-26 03:11:00+00:00,mqtt_consumer,ay,4.958
2024-08-26 03:12:00+00:00,mqtt_consumer,ay,4.962249999999999
2024-08-26 03:13:00+00:00,mqtt_consumer,ay,4.973750000000001
2024-08-26 03:14:00+00:00,mqtt_consumer,ay,4.95975
2024-08-26 03:15:00+00:00,mqtt_consumer,ay,4.9655
2024-08-26 03:16:00+00:00,mqtt_consumer,ay,4.958499999999999
2024-08-26 03:17:00+00:00,mqtt_consumer,ay,4.968000000000001
2024-08-26 03:18:00+00:00,mqtt_consumer,ay,4.963
2024-08-26 03:19:00+00:00,mqtt_consumer,ay,4.95675
2024-08-26 03:20:00+00:00,mqtt_consumer,ay,4.957999999999999
2024-08-26 03:21:00+00:00,mqtt_consumer,ay,4.96275
2024-08-26 03:22:00+00:00,mqtt_consumer,ay,4.955249999999999
2024-08-26 03:23:00+00:00,mqtt_consumer,ay,4.9617499999999986
2024-08-26 03:24:00+00:00,mqtt_consumer,ay,4.962999999999998
2024-08-26 03:25:00+00:00,mqtt_consumer,ay,4.95725
2024-08-26 03:26:00+00:00,mqtt_consumer,ay,4.9595
2024-08-26 03:27:00+00:00,mqtt_consumer,ay,4.9525
2024-08-26 03:28:00+00:00,mqtt_consumer,ay,4.9565
2024-08-26 03:29:00+00:00,mqtt_consumer,ay,4.959749999999998
2024-08-26 03:30:00+00:00,mqtt_consumer,ay,4.957999999999998
2024-08-26 03:31:00+00:00,mqtt_consumer,ay,4.957249999999999
2024-08-26 03:32:00+00:00,mqtt_consumer,ay,4.9662500000000005
2024-08-26 03:33:00+00:00,mqtt_consumer,ay,4.9605
2024-08-26 03:34:00+00:00,mqtt_consumer,ay,4.961499999999999
2024-08-26 03:35:00+00:00,mqtt_consumer,ay,4.970749999999999
2024-08-26 03:36:00+00:00,mqtt_consumer,ay,4.966749999999999
2024-08-26 03:37:00+00:00,mqtt_consumer,ay,4.974999999999999
2024-08-26 03:38:00+00:00,mqtt_consumer,ay,4.9605
2024-08-26 03:39:00+00:00,mqtt_consumer,ay,4.96425
2024-08-26 03:40:00+00:00,mqtt_consumer,ay,4.964749999999999
2024-08-26 03:41:00+00:00,mqtt_consumer,ay,4.962249999999999
2024-08-26 03:42:00+00:00,mqtt_consumer,ay,4.962999999999999
2024-08-26 03:43:00+00:00,mqtt_consumer,ay,4.9605
2024-08-26 03:44:00+00:00,mqtt_consumer,ay,4.9715
2024-08-26 03:45:00+00:00,mqtt_consumer,ay,4.958499999999998
2024-08-26 03:46:00+00:00,mqtt_consumer,ay,4.9677500000000006
2024-08-26 03:47:00+00:00,mqtt_consumer,ay,4.956749999999999
2024-08-26 03:48:00+00:00,mqtt_consumer,ay,4.970000000000001
2024-08-26 03:49:00+00:00,mqtt_consumer,ay,4.96625
2024-08-26 03:50:00+00:00,mqtt_consumer,ay,4.951
2024-08-26 03:51:00+00:00,mqtt_consumer,ay,4.9655000000000005
2024-08-26 03:52:00+00:00,mqtt_consumer,ay,4.9645
2024-08-26 03:53:00+00:00,mqtt_consumer,ay,4.9645
2024-08-26 03:54:00+00:00,mqtt_consumer,ay,4.962
2024-08-26 03:55:00+00:00,mqtt_consumer,ay,4.96275
2024-08-26 03:56:00+00:00,mqtt_consumer,ay,4.966999999999998
2024-08-26 03:57:00+00:00,mqtt_consumer,ay,4.956499999999999
2024-08-26 03:58:00+00:00,mqtt_consumer,ay,4.962749999999998
2024-08-26 03:59:00+00:00,mqtt_consumer,ay,4.96275
2024-08-26 04:00:00+00:00,mqtt_consumer,ay,4.964499999999999
2024-08-26 04:01:00+00:00,mqtt_consumer,ay,4.9620000000000015
2024-08-26 04:02:00+00:00,mqtt_consumer,ay,4.963749999999999
2024-08-26 04:03:00+00:00,mqtt_consumer,ay,4.951749999999999
2024-08-26 04:04:00+00:00,mqtt_consumer,ay,4.963249999999999
2024-08-26 04:05:00+00:00,mqtt_consumer,ay,4.969499999999998
2024-08-26 04:06:00+00:00,mqtt_consumer,ay,4.965999999999999
2024-08-26 04:07:00+00:00,mqtt_consumer,ay,4.9585
2024-08-26 04:08:00+00:00,mqtt_consumer,ay,4.9567499999999995
2024-08-26 04:09:00+00:00,mqtt_consumer,ay,4.960999999999999
2024-08-26 04:10:00+00:00,mqtt_consumer,ay,4.9575
2024-08-26 04:11:00+00:00,mqtt_consumer,ay,4.9647499999999996
2024-08-26 04:12:00+00:00,mqtt_consumer,ay,4.956249999999999
2024-08-26 04:13:00+00:00,mqtt_consumer,ay,4.958499999999999
2024-08-26 04:14:00+00:00,mqtt_consumer,ay,4.960000000000001
2024-08-26 04:15:00+00:00,mqtt_consumer,ay,4.9559999999999995
2024-08-26 04:16:00+00:00,mqtt_consumer,ay,4.968750000000001
2024-08-26 04:17:00+00:00,mqtt_consumer,ay,4.958499999999999
2024-08-26 04:18:00+00:00,mqtt_consumer,ay,4.9645
2024-08-26 04:19:00+00:00,mqtt_consumer,ay,4.965249999999998
2024-08-26 04:20:00+00:00,mqtt_consumer,ay,4.976749999999998
2024-08-26 04:21:00+00:00,mqtt_consumer,ay,4.965999999999999
2024-08-26 04:22:00+00:00,mqtt_consumer,ay,4.96125
2024-08-26 04:23:00+00:00,mqtt_consumer,ay,4.958999999999999
2024-08-26 04:24:00+00:00,mqtt_consumer,ay,4.96625
2024-08-26 04:25:00+00:00,mqtt_consumer,ay,4.97425
2024-08-26 04:26:00+00:00,mqtt_consumer,ay,4.96825
2024-08-26 04:27:00+00:00,mqtt_consumer,ay,4.964249999999999
2024-08-26 04:28:00+00:00,mqtt_consumer,ay,4.9595
2024-08-26 04:29:00+00:00,mqtt_consumer,ay,4.9697499999999994
2024-08-26 04:30:00+00:00,mqtt_consumer,ay,4.95475
2024-08-26 04:31:00+00:00,mqtt_consumer,ay,4.96575
2024-08-26 04:32:00+00:00,mqtt_consumer,ay,4.95575
2024-08-26 04:33:00+00:00,mqtt_consumer,ay,4.9559999999999995
2024-08-26 04:34:00+00:00,mqtt_consumer,ay,4.937250000000001
2024-08-26 04:35:00+00:00,mqtt_consumer,ay,4.944999999999999
2024-08-26 04:36:00+00:00,mqtt_consumer,ay,4.95025
2024-08-26 04:37:00+00:00,mqtt_consumer,ay,4.9499999999999975
2024-08-26 04:38:00+00:00,mqtt_consumer,ay,4.9695
2024-08-26 04:39:00+00:00,mqtt_consumer,ay,4.942749999999999
2024-08-26 04:40:00+00:00,mqtt_consumer,ay,4.966
2024-08-26 04:41:00+00:00,mqtt_consumer,ay,4.94325
2024-08-26 04:42:00+00:00,mqtt_consumer,ay,4.959499999999999
2024-08-26 04:43:00+00:00,mqtt_consumer,ay,4.94525
2024-08-26 04:44:00+00:00,mqtt_consumer,ay,4.956666666666667
2024-08-26 02:20:00+00:00,mqtt_consumer,az,7.071851851851852
2024-08-26 02:21:00+00:00,mqtt_consumer,az,7.062250000000001
2024-08-26 02:22:00+00:00,mqtt_consumer,az,7.065500000000002
2024-08-26 02:23:00+00:00,mqtt_consumer,az,7.071499999999999
2024-08-26 02:24:00+00:00,mqtt_consumer,az,7.077250000000001
2024-08-26 02:25:00+00:00,mqtt_consumer,az,7.074210526315791
2024-08-26 02:26:00+00:00,mqtt_consumer,az,7.0840000000000005
2024-08-26 02:27:00+00:00,mqtt_consumer,az,7.080000000000001
2024-08-26 02:28:00+00:00,mqtt_consumer,az,7.084999999999999
2024-08-26 02:29:00+00:00,mqtt_consumer,az,7.0802499999999995
2024-08-26 02:30:00+00:00,mqtt_consumer,az,7.0815
2024-08-26 02:31:00+00:00,mqtt_consumer,az,7.081000000000001
2024-08-26 02:32:00+00:00,mqtt_consumer,az,7.077749999999999
2024-08-26 02:33:00+00:00,mqtt_consumer,az,7.0649999999999995
2024-08-26 02:34:00+00:00,mqtt_consumer,az,7.0735
2024-08-26 02:35:00+00:00,mqtt_consumer,az,7.066750000000002
2024-08-26 02:36:00+00:00,mqtt_consumer,az,7.079250000000002
2024-08-26 02:37:00+00:00,mqtt_consumer,az,7.073750000000001
2024-08-26 02:38:00+00:00,mqtt_consumer,az,7.078
2024-08-26 02:39:00+00:00,mqtt_consumer,az,7.0745000000000005
2024-08-26 02:40:00+00:00,mqtt_consumer,az,7.077249999999999
2024-08-26 02:41:00+00:00,mqtt_consumer,az,7.068750000000001
2024-08-26 02:42:00+00:00,mqtt_consumer,az,7.067750000000001
2024-08-26 02:43:00+00:00,mqtt_consumer,az,7.078500000000001
2024-08-26 02:44:00+00:00,mqtt_consumer,az,7.0797500000000015
2024-08-26 02:45:00+00:00,mqtt_consumer,az,7.072749999999999
2024-08-26 02:46:00+00:00,mqtt_consumer,az,7.092750000000002
2024-08-26 02:47:00+00:00,mqtt_consumer,az,7.063250000000001
2024-08-26 02:48:00+00:00,mqtt_consumer,az,7.074000000000001
2024-08-26 02:49:00+00:00,mqtt_consumer,az,7.0870000000000015
2024-08-26 02:50:00+00:00,mqtt_consumer,az,7.074249999999999
2024-08-26 02:51:00+00:00,mqtt_consumer,az,7.090500000000001
2024-08-26 02:52:00+00:00,mqtt_consumer,az,7.081999999999999
2024-08-26 02:53:00+00:00,mqtt_consumer,az,7.08525
2024-08-26 02:54:00+00:00,mqtt_consumer,az,7.079000000000001
2024-08-26 02:55:00+00:00,mqtt_consumer,az,7.078000000000001
2024-08-26 02:56:00+00:00,mqtt_consumer,az,7.084000000000001
2024-08-26 02:57:00+00:00,mqtt_consumer,az,7.067499999999997
2024-08-26 02:58:00+00:00,mqtt_consumer,az,7.082749999999999
2024-08-26 02:59:00+00:00,mqtt_consumer,az,7.079500000000001
2024-08-26 03:00:00+00:00,mqtt_consumer,az,7.083999999999999
2024-08-26 03:01:00+00:00,mqtt_consumer,az,7.087500000000003
2024-08-26 03:02:00+00:00,mqtt_consumer,az,7.084000000000001
2024-08-26 03:03:00+00:00,mqtt_consumer,az,7.078
2024-08-26 03:04:00+00:00,mqtt_consumer,az,7.07625
2024-08-26 03:05:00+00:00,mqtt_consumer,az,7.088499999999999
2024-08-26 03:06:00+00:00,mqtt_consumer,az,7.083250000000001
2024-08-26 03:07:00+00:00,mqtt_consumer,az,7.079500000000003
2024-08-26 03:08:00+00:00,mqtt_consumer,az,7.0954999999999995
2024-08-26 03:09:00+00:00,mqtt_consumer,az,7.079000000000001
2024-08-26 03:10:00+00:00,mqtt_consumer,az,7.08925
2024-08-26 03:11:00+00:00,mqtt_consumer,az,7.0805000000000025
2024-08-26 03:12:00+00:00,mqtt_consumer,az,7.074
2024-08-26 03:13:00+00:00,mqtt_consumer,az,7.079500000000001
2024-08-26 03:14:00+00:00,mqtt_consumer,az,7.071250000000001
2024-08-26 03:15:00+00:00,mqtt_consumer,az,7.090000000000001
2024-08-26 03:16:00+00:00,mqtt_consumer,az,7.071
2024-08-26 03:17:00+00:00,mqtt_consumer,az,7.086500000000003
2024-08-26 03:18:00+00:00,mqtt_consumer,az,7.083750000000002
2024-08-26 03:19:00+00:00,mqtt_consumer,az,7.081499999999998
2024-08-26 03:20:00+00:00,mqtt_consumer,az,7.0765
2024-08-26 03:21:00+00:00,mqtt_consumer,az,7.077
2024-08-26 03:22:00+00:00,mqtt_consumer,az,7.083
2024-08-26 03:23:00+00:00,mqtt_consumer,az,7.08525
2024-08-26 03:24:00+00:00,mqtt_consumer,az,7.07925
2024-08-26 03:25:00+00:00,mqtt_consumer,az,7.079000000000001
2024-08-26 03:26:00+00:00,mqtt_consumer,az,7.080000000000001
2024-08-26 03:27:00+00:00,mqtt_consumer,az,7.09325
2024-08-26 03:28:00+00:00,mqtt_consumer,az,7.089500000000001
2024-08-26 03:29:00+00:00,mqtt_consumer,az,7.080500000000001
2024-08-26 03:30:00+00:00,mqtt_consumer,az,7.076500000000001
2024-08-26 03:31:00+00:00,mqtt_consumer,az,7.072749999999999
2024-08-26 03:32:00+00:00,mqtt_consumer,az,7.089499999999998
2024-08-26 03:33:00+00:00,mqtt_consumer,az,7.083249999999998
2024-08-26 03:34:00+00:00,mqtt_consumer,az,7.084250000000002
2024-08-26 03:35:00+00:00,mqtt_consumer,az,7.106999999999999
2024-08-26 03:36:00+00:00,mqtt_consumer,az,7.080749999999999
2024-08-26 03:37:00+00:00,mqtt_consumer,az,7.08
2024-08-26 03:38:00+00:00,mqtt_consumer,az,7.089500000000001
2024-08-26 03:39:00+00:00,mqtt_consumer,az,7.088500000000001
2024-08-26 03:40:00+00:00,mqtt_consumer,az,7.073750000000001
2024-08-26 03:41:00+00:00,mqtt_consumer,az,7.074750000000002
2024-08-26 03:42:00+00:00,mqtt_consumer,az,7.08625
2024-08-26 03:43:00+00:00,mqtt_consumer,az,7.083
2024-08-26 03:44:00+00:00,mqtt_consumer,az,7.08525
2024-08-26 03:45:00+00:00,mqtt_consumer,az,7.073499999999998
2024-08-26 03:46:00+00:00,mqtt_consumer,az,7.084999999999999
2024-08-26 03:47:00+00:00,mqtt_consumer,az,7.07
2024-08-26 03:48:00+00:00,mqtt_consumer,az,7.064750000000001
2024-08-26 03:49:00+00:00,mqtt_consumer,az,7.089499999999999
2024-08-26 03:50:00+00:00,mqtt_consumer,az,7.078999999999999
2024-08-26 03:51:00+00:00,mqtt_consumer,az,7.0907500000000026
2024-08-26 03:52:00+00:00,mqtt_consumer,az,7.08375
2024-08-26 03:53:00+00:00,mqtt_consumer,az,7.084000000000001
2024-08-26 03:54:00+00:00,mqtt_consumer,az,7.0745000000000005
2024-08-26 03:55:00+00:00,mqtt_consumer,az,7.089500000000003
2024-08-26 03:56:00+00:00,mqtt_consumer,az,7.085750000000002
2024-08-26 03:57:00+00:00,mqtt_consumer,az,7.071250000000002
2024-08-26 03:58:00+00:00,mqtt_consumer,az,7.07925
2024-08-26 03:59:00+00:00,mqtt_consumer,az,7.061749999999999
2024-08-26 04:00:00+00:00,mqtt_consumer,az,7.089999999999999
2024-08-26 04:01:00+00:00,mqtt_consumer,az,7.08375
2024-08-26 04:02:00+00:00,mqtt_consumer,az,7.077749999999999
2024-08-26 04:03:00+00:00,mqtt_consumer,az,7.095750000000001
2024-08-26 04:04:00+00:00,mqtt_consumer,az,7.08675
2024-08-26 04:05:00+00:00,mqtt_consumer,az,7.080499999999999
2024-08-26 04:06:00+00:00,mqtt_consumer,az,7.093250000000002
2024-08-26 04:07:00+00:00,mqtt_consumer,az,7.08125
2024-08-26 04:08:00+00:00,mqtt_consumer,az,7.094999999999999
2024-08-26 04:09:00+00:00,mqtt_consumer,az,7.07675
2024-08-26 04:10:00+00:00,mqtt_consumer,az,7.08525
2024-08-26 04:11:00+00:00,mqtt_consumer,az,7.0795
2024-08-26 04:12:00+00:00,mqtt_consumer,az,7.089250000000002
2024-08-26 04:13:00+00:00,mqtt_consumer,az,7.089499999999999
2024-08-26 04:14:00+00:00,mqtt_consumer,az,7.078000000000003
2024-08-26 04:15:00+00:00,mqtt_consumer,az,7.0795
2024-08-26 04:16:00+00:00,mqtt_consumer,az,7.08675
2024-08-26 04:17:00+00:00,mqtt_consumer,az,7.08575
2024-08-26 04:18:00+00:00,mqtt_consumer,az,7.077500000000001
2024-08-26 04:19:00+00:00,mqtt_consumer,az,7.0705
2024-08-26 04:20:00+00:00,mqtt_consumer,az,7.084500000000001
2024-08-26 04:21:00+00:00,mqtt_consumer,az,7.083499999999998
2024-08-26 04:22:00+00:00,mqtt_consumer,az,7.093999999999999
2024-08-26 04:23:00+00:00,mqtt_consumer,az,7.0962499999999995
2024-08-26 04:24:00+00:00,mqtt_consumer,az,7.08
2024-08-26 04:25:00+00:00,mqtt_consumer,az,7.0825000000000005
2024-08-26 04:26:00+00:00,mqtt_consumer,az,7.09175
2024-08-26 04:27:00+00:00,mqtt_consumer,az,7.09225
2024-08-26 04:28:00+00:00,mqtt_consumer,az,7.07975
2024-08-26 04:29:00+00:00,mqtt_consumer,az,7.098500000000003
2024-08-26 04:30:00+00:00,mqtt_consumer,az,7.084500000000001
2024-08-26 04:31:00+00:00,mqtt_consumer,az,7.092500000000001
2024-08-26 04:32:00+00:00,mqtt_consumer,az,7.086
2024-08-26 04:33:00+00:00,mqtt_consumer,az,7.061999999999999
2024-08-26 04:34:00+00:00,mqtt_consumer,az,7.120499999999998
2024-08-26 04:35:00+00:00,mqtt_consumer,az,7.110250000000002
2024-08-26 04:36:00+00:00,mqtt_consumer,az,7.0862500000000015
2024-08-26 04:37:00+00:00,mqtt_consumer,az,7.088500000000001
2024-08-26 04:38:00+00:00,mqtt_consumer,az,7.077
2024-08-26 04:39:00+00:00,mqtt_consumer,az,7.086
2024-08-26 04:40:00+00:00,mqtt_consumer,az,7.08925
2024-08-26 04:41:00+00:00,mqtt_consumer,az,7.111250000000001
2024-08-26 04:42:00+00:00,mqtt_consumer,az,7.071000000000003
2024-08-26 04:43:00+00:00,mqtt_consumer,az,7.113249999999999
2024-08-26 04:44:00+00:00,mqtt_consumer,az,7.078888888888889
2024-08-26 02:20:00+00:00,mqtt_consumer,gx,-0.11592592592592593
2024-08-26 02:21:00+00:00,mqtt_consumer,gx,-0.11675000000000005
2024-08-26 02:22:00+00:00,mqtt_consumer,gx,-0.12000000000000008
2024-08-26 02:23:00+00:00,mqtt_consumer,gx,-0.11925000000000005
2024-08-26 02:24:00+00:00,mqtt_consumer,gx,-0.11925000000000005
2024-08-26 02:25:00+00:00,mqtt_consumer,gx,-0.11973684210526322
2024-08-26 02:26:00+00:00,mqtt_consumer,gx,-0.11900000000000006
2024-08-26 02:27:00+00:00,mqtt_consumer,gx,-0.11925000000000005
2024-08-26 02:28:00+00:00,mqtt_consumer,gx,-0.11925000000000008
2024-08-26 02:29:00+00:00,mqtt_consumer,gx,-0.11975000000000006
2024-08-26 02:30:00+00:00,mqtt_consumer,gx,-0.11825000000000008
2024-08-26 02:31:00+00:00,mqtt_consumer,gx,-0.11875000000000005
2024-08-26 02:32:00+00:00,mqtt_consumer,gx,-0.12000000000000008
2024-08-26 02:33:00+00:00,mqtt_consumer,gx,-0.11950000000000008
2024-08-26 02:34:00+00:00,mqtt_consumer,gx,-0.11900000000000006
2024-08-26 02:35:00+00:00,mqtt_consumer,gx,-0.11975000000000009
2024-08-26 02:36:00+00:00,mqtt_consumer,gx,-0.11950000000000008
2024-08-26 02:37:00+00:00,mqtt_consumer,gx,-0.11975000000000006
2024-08-26 02:38:00+00:00,mqtt_consumer,gx,-0.11875000000000006
2024-08-26 02:39:00+00:00,mqtt_consumer,gx,-0.11975000000000009
2024-08-26 02:40:00+00:00,mqtt_consumer,gx,-0.11925000000000008
2024-08-26 02:41:00+00:00,mqtt_consumer,gx,-0.11925000000000005
2024-08-26 02:42:00+00:00,mqtt_consumer,gx,-0.11975000000000009
2024-08-26 02:43:00+00:00,mqtt_consumer,gx,-0.11925000000000008
2024-08-26 02:44:00+00:00,mqtt_consumer,gx,-0.11950000000000008
2024-08-26 02:45:00+00:00,mqtt_consumer,gx,-0.11975000000000006
2024-08-26 02:46:00+00:00,mqtt_consumer,gx,-0.11900000000000006
2024-08-26 02:47:00+00:00,mqtt_consumer,gx,-0.12000000000000008
2024-08-26 02:48:00+00:00,mqtt_consumer,gx,-0.11875000000000006
2024-08-26 02:49:00+00:00,mqtt_consumer,gx,-0.11875000000000006
2024-08-26 02:50:00+00:00,mqtt_consumer,gx,-0.11925000000000008
2024-08-26 02:51:00+00:00,mqtt_consumer,gx,-0.11875000000000006
2024-08-26 02:52:00+00:00,mqtt_consumer,gx,-0.11900000000000006
2024-08-26 02:53:00+00:00,mqtt_consumer,gx,-0.11950000000000008
2024-08-26 02:54:00+00:00,mqtt_consumer,gx,-0.11925000000000008
2024-08-26 02:55:00+00:00,mqtt_consumer,gx,-0.11900000000000006
2024-08-26 02:56:00+00:00,mqtt_consumer,gx,-0.11900000000000006
2024-08-26 02:57:00+00:00,mqtt_consumer,gx,-0.11850000000000008
2024-08-26 02:58:00+00:00,mqtt_consumer,gx,-0.11950000000000008
2024-08-26 02:59:00+00:00,mqtt_consumer,gx,-0.11950000000000008
2024-08-26 03:00:00+00:00,mqtt_consumer,gx,-0.11950000000000008
2024-08-26 03:01:00+00:00,mqtt_consumer,gx,-0.11950000000000008
2024-08-26 03:02:00+00:00,mqtt_consumer,gx,-0.11925000000000005
2024-08-26 03:03:00+00:00,mqtt_consumer,gx,-0.11900000000000006
2024-08-26 03:04:00+00:00,mqtt_consumer,gx,-0.11925000000000005
2024-08-26 03:05:00+00:00,mqtt_consumer,gx,-0.11925000000000008
2024-08-26 03:06:00+00:00,mqtt_consumer,gx,-0.11900000000000006
2024-08-26 03:07:00+00:00,mqtt_consumer,gx,-0.11975000000000009
2024-08-26 03:08:00+00:00,mqtt_consumer,gx,-0.11975000000000006
2024-08-26 03:09:00+00:00,mqtt_consumer,gx,-0.11975000000000006
2024-08-26 03:10:00+00:00,mqtt_consumer,gx,-0.11900000000000006
2024-08-26 03:11:00+00:00,mqtt_consumer,gx,-0.11875000000000006
2024-08-26 03:12:00+00:00,mqtt_consumer,gx,-0.11925000000000008
2024-08-26 03:13:00+00:00,mqtt_consumer,gx,-0.11975000000000006
2024-08-26 03:14:00+00:00,mqtt_consumer,gx,-0.11925000000000005
2024-08-26 03:15:00+00:00,mqtt_consumer,gx,-0.11850000000000008
2024-08-26 03:16:00+00:00,mqtt_consumer,gx,-0.11900000000000006
2024-08-26 03:17:00+00:00,mqtt_consumer,gx,-0.11925000000000008
2024-08-26 03:18:00+00:00,mqtt_consumer,gx,-0.11925000000000008
2024-08-26 03:19:00+00:00,mqtt_consumer,gx,-0.11950000000000008
2024-08-26 03:20:00+00:00,mqtt_consumer,gx,-0.12000000000000008
2024-08-26 03:21:00+00:00,mqtt_consumer,gx,-0.11950000000000008
2024-08-26 03:22:00+00:00,mqtt_consumer,gx,-0.11975000000000006
2024-08-26 03:23:00+00:00,mqtt_consumer,gx,-0.11925000000000005
2024-08-26 03:24:00+00:00,mqtt_consumer,gx,-0.11975000000000006
2024-08-26 03:25:00+00:00,mqtt_consumer,gx,-0.11925000000000005
2024-08-26 03:26:00+00:00,mqtt_consumer,gx,-0.11950000000000008
2024-08-26 03:27:00+00:00,mqtt_consumer,gx,-0.11950000000000008
2024-08-26 03:28:00+00:00,mqtt_consumer,gx,-0.11875000000000006
2024-08-26 03:29:00+00:00,mqtt_consumer,gx,-0.11950000000000008
2024-08-26 03:30:00+00:00,mqtt_consumer,gx,-0.11975000000000006
2024-08-26 03:31:00+00:00,mqtt_consumer,gx,-0.11925000000000005
2024-08-26 03:32:00+00:00,mqtt_consumer,gx,-0.11900000000000006
2024-08-26 03:33:00+00:00,mqtt_consumer,gx,-0.11950000000000008
2024-08-26 03:34:00+00:00,mqtt_consumer,gx,-0.11975000000000006
2024-08-26 03:35:00+00:00,mqtt_consumer,gx,-0.11875000000000006
2024-08-26 03:36:00+00:00,mqtt_consumer,gx,-0.11975000000000006
2024-08-26 03:37:00+00:00,mqtt_consumer,gx,-0.11925000000000008
2024-08-26 03:38:00+00:00,mqtt_consumer,gx,-0.11925000000000008
2024-08-26 03:39:00+00:00,mqtt_consumer,gx,-0.11850000000000005
2024-08-26 03:40:00+00:00,mqtt_consumer,gx,-0.11900000000000006
2024-08-26 03:41:00+00:00,mqtt_consumer,gx,-0.11875000000000006
2024-08-26 03:42:00+00:00,mqtt_consumer,gx,-0.12000000000000008
2024-08-26 03:43:00+00:00,mqtt_consumer,gx,-0.11875000000000006
2024-08-26 03:44:00+00:00,mqtt_consumer,gx,-0.11925000000000008
2024-08-26 03:45:00+00:00,mqtt_consumer,gx,-0.11875000000000006
2024-08-26 03:46:00+00:00,mqtt_consumer,gx,-0.11900000000000006
2024-08-26 03:47:00+00:00,mqtt_consumer,gx,-0.11875000000000009
2024-08-26 03:48:00+00:00,mqtt_consumer,gx,-0.11925000000000005
2024-08-26 03:49:00+00:00,mqtt_consumer,gx,-0.11950000000000008
2024-08-26 03:50:00+00:00,mqtt_consumer,gx,-0.11825000000000005
2024-08-26 03:51:00+00:00,mqtt_consumer,gx,-0.11900000000000006
2024-08-26 03:52:00+00:00,mqtt_consumer,gx,-0.11900000000000008
2024-08-26 03:53:00+00:00,mqtt_consumer,gx,-0.11950000000000008
2024-08-26 03:54:00+00:00,mqtt_consumer,gx,-0.11975000000000006
2024-08-26 03:55:00+00:00,mqtt_consumer,gx,-0.11900000000000006
2024-08-26 03:56:00+00:00,mqtt_consumer,gx,-0.11950000000000008
2024-08-26 03:57:00+00:00,mqtt_consumer,gx,-0.11900000000000006
2024-08-26 03:58:00+00:00,mqtt_consumer,gx,-0.11900000000000006
2024-08-26 03:59:00+00:00,mqtt_consumer,gx,-0.11950000000000008
2024-08-26 04:00:00+00:00,mqtt_consumer,gx,-0.11800000000000004
2024-08-26 04:01:00+00:00,mqtt_consumer,gx,-0.11875000000000005
2024-08-26 04:02:00+00:00,mqtt_consumer,gx,-0.11800000000000006
2024-08-26 04:03:00+00:00,mqtt_consumer,gx,-0.11825000000000008
2024-08-26 04:04:00+00:00,mqtt_consumer,gx,-0.11925000000000005
2024-08-26 04:05:00+00:00,mqtt_consumer,gx,-0.11950000000000008
2024-08-26 04:06:00+00:00,mqtt_consumer,gx,-0.11775000000000006
2024-08-26 04:07:00+00:00,mqtt_consumer,gx,-0.11900000000000006
2024-08-26 04:08:00+00:00,mqtt_consumer,gx,-0.11875000000000006
2024-08-26 04:09:00+00:00,mqtt_consumer,gx,-0.11975000000000006
2024-08-26 04:10:00+00:00,mqtt_consumer,gx,-0.11850000000000008
2024-08-26 04:11:00+00:00,mqtt_consumer,gx,-0.11850000000000008
2024-08-26 04:12:00+00:00,mqtt_consumer,gx,-0.11875000000000006
2024-08-26 04:13:00+00:00,mqtt_consumer,gx,-0.11925000000000005
2024-08-26 04:14:00+00:00,mqtt_consumer,gx,-0.11825000000000008
2024-08-26 04:15:00+00:00,mqtt_consumer,gx,-0.11925000000000008
2024-08-26 04:16:00+00:00,mqtt_consumer,gx,-0.1182500000000001
2024-08-26 04:17:00+00:00,mqtt_consumer,gx,-0.11875000000000006
2024-08-26 04:18:00+00:00,mqtt_consumer,gx,-0.11925000000000008
2024-08-26 04:19:00+00:00,mqtt_consumer,gx,-0.11950000000000008
2024-08-26 04:20:00+00:00,mqtt_consumer,gx,-0.11850000000000005
2024-08-26 04:21:00+00:00,mqtt_consumer,gx,-0.11900000000000006
2024-08-26 04:22:00+00:00,mqtt_consumer,gx,-0.11875000000000005
2024-08-26 04:23:00+00:00,mqtt_consumer,gx,-0.11850000000000005
2024-08-26 04:24:00+00:00,mqtt_consumer,gx,-0.11875000000000005
2024-08-26 04:25:00+00:00,mqtt_consumer,gx,-0.11825000000000005
2024-08-26 04:26:00+00:00,mqtt_consumer,gx,-0.11825000000000005
2024-08-26 04:27:00+00:00,mqtt_consumer,gx,-0.11800000000000006
2024-08-26 04:28:00+00:00,mqtt_consumer,gx,-0.11775000000000009
2024-08-26 04:29:00+00:00,mqtt_consumer,gx,-0.11750000000000005
2024-08-26 04:30:00+00:00,mqtt_consumer,gx,-0.11900000000000008
2024-08-26 04:31:00+00:00,mqtt_consumer,gx,-0.11850000000000008
2024-08-26 04:32:00+00:00,mqtt_consumer,gx,-0.11875000000000006
2024-08-26 04:33:00+00:00,mqtt_consumer,gx,-0.11750000000000008
2024-08-26 04:34:00+00:00,mqtt_consumer,gx,-0.11700000000000003
2024-08-26 04:35:00+00:00,mqtt_consumer,gx,-0.11800000000000004
2024-08-26 04:36:00+00:00,mqtt_consumer,gx,-0.11675000000000005
2024-08-26 04:37:00+00:00,mqtt_consumer,gx,-0.11850000000000005
2024-08-26 04:38:00+00:00,mqtt_consumer,gx,-0.11875000000000006
2024-08-26 04:39:00+00:00,mqtt_consumer,gx,-0.11800000000000006
2024-08-26 04:40:00+00:00,mqtt_consumer,gx,-0.11650000000000008
2024-08-26 04:41:00+00:00,mqtt_consumer,gx,-0.11850000000000008
2024-08-26 04:42:00+00:00,mqtt_consumer,gx,-0.11625000000000005
2024-08-26 04:43:00+00:00,mqtt_consumer,gx,-0.11875000000000006
2024-08-26 04:44:00+00:00,mqtt_consumer,gx,-0.11888888888888888
2024-08-26 02:20:00+00:00,mqtt_consumer,gy,-0.019629629629629636
2024-08-26 02:21:00+00:00,mqtt_consumer,gy,-0.022250000000000013
2024-08-26 02:22:00+00:00,mqtt_consumer,gy,-0.02075000000000001
2024-08-26 02:23:00+00:00,mqtt_consumer,gy,-0.02050000000000001
2024-08-26 02:24:00+00:00,mqtt_consumer,gy,-0.021750000000000012
2024-08-26 02:25:00+00:00,mqtt_consumer,gy,-0.02210526315789475
2024-08-26 02:26:00+00:00,mqtt_consumer,gy,-0.02075000000000001
2024-08-26 02:27:00+00:00,mqtt_consumer,gy,-0.02100000000000001
2024-08-26 02:28:00+00:00,mqtt_consumer,gy,-0.021250000000000012
2024-08-26 02:29:00+00:00,mqtt_consumer,gy,-0.021250000000000012
2024-08-26 02:30:00+00:00,mqtt_consumer,gy,-0.021500000000000012
2024-08-26 02:31:00+00:00,mqtt_consumer,gy,-0.02100000000000001
2024-08-26 02:32:00+00:00,mqtt_consumer,gy,-0.021750000000000012
2024-08-26 02:33:00+00:00,mqtt_consumer,gy,-0.021750000000000012
2024-08-26 02:34:00+00:00,mqtt_consumer,gy,-0.02025000000000001
2024-08-26 02:35:00+00:00,mqtt_consumer,gy,-0.021750000000000012
2024-08-26 02:36:00+00:00,mqtt_consumer,gy,-0.021500000000000012
2024-08-26 02:37:00+00:00,mqtt_consumer,gy,-0.021250000000000012
2024-08-26 02:38:00+00:00,mqtt_consumer,gy,-0.02100000000000001
2024-08-26 02:39:00+00:00,mqtt_consumer,gy,-0.021250000000000012
2024-08-26 02:40:00+00:00,mqtt_consumer,gy,-0.02075000000000001
2024-08-26 02:41:00+00:00,mqtt_consumer,gy,-0.02025000000000001
2024-08-26 02:42:00+00:00,mqtt_consumer,gy,-0.021500000000000012
2024-08-26 02:43:00+00:00,mqtt_consumer,gy,-0.02075000000000001
2024-08-26 02:44:00+00:00,mqtt_consumer,gy,-0.021500000000000012
2024-08-26 02:45:00+00:00,mqtt_consumer,gy,-0.02050000000000001
2024-08-26 02:46:00+00:00,mqtt_consumer,gy,-0.022000000000000013
2024-08-26 02:47:00+00:00,mqtt_consumer,gy,-0.021250000000000012
2024-08-26 02:48:00+00:00,mqtt_consumer,gy,-0.021500000000000012
2024-08-26 02:49:00+00:00,mqtt_consumer,gy,-0.021500000000000012
2024-08-26 02:50:00+00:00,mqtt_consumer,gy,-0.02100000000000001
2024-08-26 02:51:00+00:00,mqtt_consumer,gy,-0.021750000000000012
2024-08-26 02:52:00+00:00,mqtt_consumer,gy,-0.02050000000000001
2024-08-26 02:53:00+00:00,mqtt_consumer,gy,-0.021750000000000012
2024-08-26 02:54:00+00:00,mqtt_consumer,gy,-0.02100000000000001
2024-08-26 02:55:00+00:00,mqtt_consumer,gy,-0.02075000000000001
2024-08-26 02:56:00+00:00,mqtt_consumer,gy,-0.021250000000000012
2024-08-26 02:57:00+00:00,mqtt_consumer,gy,-0.02075000000000001
2024-08-26 02:58:00+00:00,mqtt_consumer,gy,-0.021500000000000012
2024-08-26 02:59:00+00:00,mqtt_consumer,gy,-0.02075000000000001
2024-08-26 03:00:00+00:00,mqtt_consumer,gy,-0.022000000000000013
2024-08-26 03:01:00+00:00,mqtt_consumer,gy,-0.021500000000000012
2024-08-26 03:02:00+00:00,mqtt_consumer,gy,-0.02100000000000001
2024-08-26 03:03:00+00:00,mqtt_consumer,gy,-0.021500000000000012
2024-08-26 03:04:00+00:00,mqtt_consumer,gy,-0.02050000000000001
2024-08-26 03:05:00+00:00,mqtt_consumer,gy,-0.021750000000000012
2024-08-26 03:06:00+00:00,mqtt_consumer,gy,-0.02025000000000001
2024-08-26 03:07:00+00:00,mqtt_consumer,gy,-0.021250000000000012
2024-08-26 03:08:00+00:00,mqtt_consumer,gy,-0.02000000000000001
2024-08-26 03:09:00+00:00,mqtt_consumer,gy,-0.021500000000000012
2024-08-26 03:10:00+00:00,mqtt_consumer,gy,-0.02000000000000001
2024-08-26 03:11:00+00:00,mqtt_consumer,gy,-0.021250000000000012
2024-08-26 03:12:00+00:00,mqtt_consumer,gy,-0.02025000000000001
2024-08-26 03:13:00+00:00,mqtt_consumer,gy,-0.021750000000000012
2024-08-26 03:14:00+00:00,mqtt_consumer,gy,-0.021250000000000012
2024-08-26 03:15:00+00:00,mqtt_consumer,gy,-0.022000000000000013
2024-08-26 03:16:00+00:00,mqtt_consumer,gy,-0.021250000000000012
2024-08-26 03:17:00+00:00,mqtt_consumer,gy,-0.02075000000000001
2024-08-26 03:18:00+00:00,mqtt_consumer,gy,-0.021250000000000012
2024-08-26 03:19:00+00:00,mqtt_consumer,gy,-0.02075000000000001
2024-08-26 03:20:00+00:00,mqtt_consumer,gy,-0.021250000000000012
2024-08-26 03:21:00+00:00,mqtt_consumer,gy,-0.021750000000000012
2024-08-26 03:22:00+00:00,mqtt_consumer,gy,-0.02050000000000001
2024-08-26 03:23:00+00:00,mqtt_consumer,gy,-0.02075000000000001
2024-08-26 03:24:00+00:00,mqtt_consumer,gy,-0.021250000000000012
2024-08-26 03:25:00+00:00,mqtt_consumer,gy,-0.021250000000000012
2024-08-26 03:26:00+00:00,mqtt_consumer,gy,-0.02075000000000001
2024-08-26 03:27:00+00:00,mqtt_consumer,gy,-0.021750000000000012
2024-08-26 03:28:00+00:00,mqtt_consumer,gy,-0.02100000000000001
2024-08-26 03:29:00+00:00,mqtt_consumer,gy,-0.022750000000000013
2024-08-26 03:30:00+00:00,mqtt_consumer,gy,-0.02100000000000001
2024-08-26 03:31:00+00:00,mqtt_consumer,gy,-0.022250000000000013
2024-08-26 03:32:00+00:00,mqtt_consumer,gy,-0.021250000000000012
2024-08-26 03:33:00+00:00,mqtt_consumer,gy,-0.02075000000000001
2024-08-26 03:34:00+00:00,mqtt_consumer,gy,-0.02075000000000001
2024-08-26 03:35:00+00:00,mqtt_consumer,gy,-0.021500000000000012
2024-08-26 03:36:00+00:00,mqtt_consumer,gy,-0.021500000000000012
2024-08-26 03:37:00+00:00,mqtt_consumer,gy,-0.021500000000000012
2024-08-26 03:38:00+00:00,mqtt_consumer,gy,-0.02050000000000001
2024-08-26 03:39:00+00:00,mqtt_consumer,gy,-0.022000000000000013
2024-08-26 03:40:00+00:00,mqtt_consumer,gy,-0.023000000000000013
2024-08-26 03:41:00+00:00,mqtt_consumer,gy,-0.021250000000000012
2024-08-26 03:42:00+00:00,mqtt_consumer,gy,-0.021500000000000012
2024-08-26 03:43:00+00:00,mqtt_consumer,gy,-0.02100000000000001
2024-08-26 03:44:00+00:00,mqtt_consumer,gy,-0.02075000000000001
2024-08-26 03:45:00+00:00,mqtt_consumer,gy,-0.02050000000000001
2024-08-26 03:46:00+00:00,mqtt_consumer,gy,-0.02050000000000001
2024-08-26 03:47:00+00:00,mqtt_consumer,gy,-0.02075000000000001
2024-08-26 03:48:00+00:00,mqtt_consumer,gy,-0.02050000000000001
2024-08-26 03:49:00+00:00,mqtt_consumer,gy,-0.021250000000000012
2024-08-26 03:50:00+00:00,mqtt_consumer,gy,-0.022250000000000013
2024-08-26 03:51:00+00:00,mqtt_consumer,gy,-0.02050000000000001
2024-08-26 03:52:00+00:00,mqtt_consumer,gy,-0.021500000000000012
2024-08-26 03:53:00+00:00,mqtt_consumer,gy,-0.02100000000000001
2024-08-26 03:54:00+00:00,mqtt_consumer,gy,-0.021250000000000012
2024-08-26 03:55:00+00:00,mqtt_consumer,gy,-0.021250000000000012
2024-08-26 03:56:00+00:00,mqtt_consumer,gy,-0.021250000000000012
2024-08-26 03:57:00+00:00,mqtt_consumer,gy,-0.02075000000000001
2024-08-26 03:58:00+00:00,mqtt_consumer,gy,-0.021750000000000012
2024-08-26 03:59:00+00:00,mqtt_consumer,gy,-0.021500000000000012
2024-08-26 04:00:00+00:00,mqtt_consumer,gy,-0.02100000000000001
2024-08-26 04:01:00+00:00,mqtt_consumer,gy,-0.021750000000000012
2024-08-26 04:02:00+00:00,mqtt_consumer,gy,-0.022000000000000013
2024-08-26 04:03:00+00:00,mqtt_consumer,gy,-0.02100000000000001
2024-08-26 04:04:00+00:00,mqtt_consumer,gy,-0.021750000000000012
2024-08-26 04:05:00+00:00,mqtt_consumer,gy,-0.021500000000000012
2024-08-26 04:06:00+00:00,mqtt_consumer,gy,-0.021500000000000012
2024-08-26 04:07:00+00:00,mqtt_consumer,gy,-0.02025000000000001
2024-08-26 04:08:00+00:00,mqtt_consumer,gy,-0.021250000000000012
2024-08-26 04:09:00+00:00,mqtt_consumer,gy,-0.021500000000000012
2024-08-26 04:10:00+00:00,mqtt_consumer,gy,-0.021500000000000012
2024-08-26 04:11:00+00:00,mqtt_consumer,gy,-0.02050000000000001
2024-08-26 04:12:00+00:00,mqtt_consumer,gy,-0.021500000000000012
2024-08-26 04:13:00+00:00,mqtt_consumer,gy,-0.021750000000000012
2024-08-26 04:14:00+00:00,mqtt_consumer,gy,-0.02075000000000001
2024-08-26 04:15:00+00:00,mqtt_consumer,gy,-0.02050000000000001
2024-08-26 04:16:00+00:00,mqtt_consumer,gy,-0.022000000000000013
2024-08-26 04:17:00+00:00,mqtt_consumer,gy,-0.02075000000000001
2024-08-26 04:18:00+00:00,mqtt_consumer,gy,-0.022000000000000013
2024-08-26 04:19:00+00:00,mqtt_consumer,gy,-0.02025000000000001
2024-08-26 04:20:00+00:00,mqtt_consumer,gy,-0.02100000000000001
2024-08-26 04:21:00+00:00,mqtt_consumer,gy,-0.02050000000000001
2024-08-26 04:22:00+00:00,mqtt_consumer,gy,-0.021750000000000012
2024-08-26 04:23:00+00:00,mqtt_consumer,gy,-0.021500000000000012
2024-08-26 04:24:00+00:00,mqtt_consumer,gy,-0.02075000000000001
2024-08-26 04:25:00+00:00,mqtt_consumer,gy,-0.022000000000000013
2024-08-26 04:26:00+00:00,mqtt_consumer,gy,-0.022250000000000013
2024-08-26 04:27:00+00:00,mqtt_consumer,gy,-0.02075000000000001
2024-08-26 04:28:00+00:00,mqtt_consumer,gy,-0.022000000000000013
2024-08-26 04:29:00+00:00,mqtt_consumer,gy,-0.022000000000000013
2024-08-26 04:30:00+00:00,mqtt_consumer,gy,-0.022500000000000013
2024-08-26 04:31:00+00:00,mqtt_consumer,gy,-0.021500000000000012
2024-08-26 04:32:00+00:00,mqtt_consumer,gy,-0.021500000000000012
2024-08-26 04:33:00+00:00,mqtt_consumer,gy,-0.02250000000000001
2024-08-26 04:34:00+00:00,mqtt_consumer,gy,-0.021250000000000012
2024-08-26 04:35:00+00:00,mqtt_consumer,gy,-0.02275000000000001
2024-08-26 04:36:00+00:00,mqtt_consumer,gy,-0.021500000000000012
2024-08-26 04:37:00+00:00,mqtt_consumer,gy,-0.024000000000000014
2024-08-26 04:38:00+00:00,mqtt_consumer,gy,-0.021500000000000012
2024-08-26 04:39:00+00:00,mqtt_consumer,gy,-0.022500000000000013
2024-08-26 04:40:00+00:00,mqtt_consumer,gy,-0.024250000000000015
2024-08-26 04:41:00+00:00,mqtt_consumer,gy,-0.023250000000000014
2024-08-26 04:42:00+00:00,mqtt_consumer,gy,-0.023250000000000014
2024-08-26 04:43:00+00:00,mqtt_consumer,gy,-0.022250000000000013
2024-08-26 04:44:00+00:00,mqtt_consumer,gy,-0.025555555555555554
2024-08-26 02:20:00+00:00,mqtt_consumer,gz,0.03740740740740742
2024-08-26 02:21:00+00:00,mqtt_consumer,gz,0.033250000000000016
2024-08-26 02:22:00+00:00,mqtt_consumer,gz,0.03550000000000002
2024-08-26 02:23:00+00:00,mqtt_consumer,gz,0.03475000000000002
2024-08-26 02:24:00+00:00,mqtt_consumer,gz,0.03575000000000002
2024-08-26 02:25:00+00:00,mqtt_consumer,gz,0.0355263157894737
2024-08-26 02:26:00+00:00,mqtt_consumer,gz,0.03500000000000002
2024-08-26 02:27:00+00:00,mqtt_consumer,gz,0.03525000000000002
2024-08-26 02:28:00+00:00,mqtt_consumer,gz,0.03500000000000002
2024-08-26 02:29:00+00:00,mqtt_consumer,gz,0.03575000000000002
2024-08-26 02:30:00+00:00,mqtt_consumer,gz,0.03500000000000002
2024-08-26 02:31:00+00:00,mqtt_consumer,gz,0.03600000000000002
2024-08-26 02:32:00+00:00,mqtt_consumer,gz,0.03525000000000002
2024-08-26 02:33:00+00:00,mqtt_consumer,gz,0.03450000000000002
2024-08-26 02:34:00+00:00,mqtt_consumer,gz,0.03600000000000002
2024-08-26 02:35:00+00:00,mqtt_consumer,gz,0.03500000000000002
2024-08-26 02:36:00+00:00,mqtt_consumer,gz,0.03525000000000002
2024-08-26 02:37:00+00:00,mqtt_consumer,gz,0.03475000000000002
2024-08-26 02:38:00+00:00,mqtt_consumer,gz,0.03500000000000002
2024-08-26 02:39:00+00:00,mqtt_consumer,gz,0.03600000000000002
2024-08-26 02:40:00+00:00,mqtt_consumer,gz,0.03600000000000002
2024-08-26 02:41:00+00:00,mqtt_consumer,gz,0.03550000000000002
2024-08-26 02:42:00+00:00,mqtt_consumer,gz,0.03500000000000002
2024-08-26 02:43:00+00:00,mqtt_consumer,gz,0.03525000000000002
2024-08-26 02:44:00+00:00,mqtt_consumer,gz,0.03450000000000002
2024-08-26 02:45:00+00:00,mqtt_consumer,gz,0.03550000000000002
2024-08-26 02:46:00+00:00,mqtt_consumer,gz,0.03600000000000002
2024-08-26 02:47:00+00:00,mqtt_consumer,gz,0.03500000000000002
2024-08-26 02:48:00+00:00,mqtt_consumer,gz,0.03525000000000002
2024-08-26 02:49:00+00:00,mqtt_consumer,gz,0.03425000000000002
2024-08-26 02:50:00+00:00,mqtt_consumer,gz,0.03600000000000002
2024-08-26 02:51:00+00:00,mqtt_consumer,gz,0.03500000000000002
2024-08-26 02:52:00+00:00,mqtt_consumer,gz,0.03575000000000002
2024-08-26 02:53:00+00:00,mqtt_consumer,gz,0.03550000000000002
2024-08-26 02:54:00+00:00,mqtt_consumer,gz,0.03525000000000002
2024-08-26 02:55:00+00:00,mqtt_consumer,gz,0.03475000000000002
2024-08-26 02:56:00+00:00,mqtt_consumer,gz,0.03550000000000002
2024-08-26 02:57:00+00:00,mqtt_consumer,gz,0.03575000000000002
2024-08-26 02:58:00+00:00,mqtt_consumer,gz,0.03600000000000002
2024-08-26 02:59:00+00:00,mqtt_consumer,gz,0.03425000000000002
2024-08-26 03:00:00+00:00,mqtt_consumer,gz,0.03475000000000002
2024-08-26 03:01:00+00:00,mqtt_consumer,gz,0.03575000000000002
2024-08-26 03:02:00+00:00,mqtt_consumer,gz,0.03550000000000002
2024-08-26 03:03:00+00:00,mqtt_consumer,gz,0.03550000000000002
2024-08-26 03:04:00+00:00,mqtt_consumer,gz,0.03550000000000002
2024-08-26 03:05:00+00:00,mqtt_consumer,gz,0.03600000000000002
2024-08-26 03:06:00+00:00,mqtt_consumer,gz,0.03650000000000002
2024-08-26 03:07:00+00:00,mqtt_consumer,gz,0.03600000000000002
2024-08-26 03:08:00+00:00,mqtt_consumer,gz,0.03500000000000002
2024-08-26 03:09:00+00:00,mqtt_consumer,gz,0.03550000000000002
2024-08-26 03:10:00+00:00,mqtt_consumer,gz,0.03700000000000002
2024-08-26 03:11:00+00:00,mqtt_consumer,gz,0.034000000000000016
2024-08-26 03:12:00+00:00,mqtt_consumer,gz,0.03600000000000002
2024-08-26 03:13:00+00:00,mqtt_consumer,gz,0.03450000000000002
2024-08-26 03:14:00+00:00,mqtt_consumer,gz,0.03500000000000002
2024-08-26 03:15:00+00:00,mqtt_consumer,gz,0.03425000000000002
2024-08-26 03:16:00+00:00,mqtt_consumer,gz,0.03550000000000002
2024-08-26 03:17:00+00:00,mqtt_consumer,gz,0.03500000000000002
2024-08-26 03:18:00+00:00,mqtt_consumer,gz,0.03525000000000002
2024-08-26 03:19:00+00:00,mqtt_consumer,gz,0.03600000000000002
2024-08-26 03:20:00+00:00,mqtt_consumer,gz,0.03500000000000002
2024-08-26 03:21:00+00:00,mqtt_consumer,gz,0.03525000000000002
2024-08-26 03:22:00+00:00,mqtt_consumer,gz,0.03700000000000002
2024-08-26 03:23:00+00:00,mqtt_consumer,gz,0.03550000000000002
2024-08-26 03:24:00+00:00,mqtt_consumer,gz,0.03625000000000002
2024-08-26 03:25:00+00:00,mqtt_consumer,gz,0.03450000000000002
2024-08-26 03:26:00+00:00,mqtt_consumer,gz,0.03500000000000002
2024-08-26 03:27:00+00:00,mqtt_consumer,gz,0.03675000000000002
2024-08-26 03:28:00+00:00,mqtt_consumer,gz,0.03525000000000002
2024-08-26 03:29:00+00:00,mqtt_consumer,gz,0.03675000000000002
2024-08-26 03:30:00+00:00,mqtt_consumer,gz,0.03625000000000002
2024-08-26 03:31:00+00:00,mqtt_consumer,gz,0.03525000000000002
2024-08-26 03:32:00+00:00,mqtt_consumer,gz,0.03500000000000002
2024-08-26 03:33:00+00:00,mqtt_consumer,gz,0.03575000000000002
2024-08-26 03:34:00+00:00,mqtt_consumer,gz,0.03500000000000002
2024-08-26 03:35:00+00:00,mqtt_consumer,gz,0.03575000000000002
2024-08-26 03:36:00+00:00,mqtt_consumer,gz,0.03575000000000002
2024-08-26 03:37:00+00:00,mqtt_consumer,gz,0.03450000000000002
2024-08-26 03:38:00+00:00,mqtt_consumer,gz,0.03600000000000002
2024-08-26 03:39:00+00:00,mqtt_consumer,gz,0.03525000000000002
2024-08-26 03:40:00+00:00,mqtt_consumer,gz,0.03575000000000002
2024-08-26 03:41:00+00:00,mqtt_consumer,gz,0.03450000000000002
2024-08-26 03:42:00+00:00,mqtt_consumer,gz,0.03475000000000002
2024-08-26 03:43:00+00:00,mqtt_consumer,gz,0.03500000000000002
2024-08-26 03:44:00+00:00,mqtt_consumer,gz,0.03600000000000002
2024-08-26 03:45:00+00:00,mqtt_consumer,gz,0.03625000000000002
2024-08-26 03:46:00+00:00,mqtt_consumer,gz,0.03500000000000002
2024-08-26 03:47:00+00:00,mqtt_consumer,gz,0.03600000000000002
2024-08-26 03:48:00+00:00,mqtt_consumer,gz,0.033500000000000016
2024-08-26 03:49:00+00:00,mqtt_consumer,gz,0.03500000000000002
2024-08-26 03:50:00+00:00,mqtt_consumer,gz,0.03450000000000002
2024-08-26 03:51:00+00:00,mqtt_consumer,gz,0.03525000000000002
2024-08-26 03:52:00+00:00,mqtt_consumer,gz,0.03550000000000002
2024-08-26 03:53:00+00:00,mqtt_consumer,gz,0.03500000000000002
2024-08-26 03:54:00+00:00,mqtt_consumer,gz,0.03675000000000002
2024-08-26 03:55:00+00:00,mqtt_consumer,gz,0.03500000000000002
2024-08-26 03:56:00+00:00,mqtt_consumer,gz,0.03500000000000002
2024-08-26 03:57:00+00:00,mqtt_consumer,gz,0.03450000000000002
2024-08-26 03:58:00+00:00,mqtt_consumer,gz,0.03525000000000002
2024-08-26 03:59:00+00:00,mqtt_consumer,gz,0.03625000000000002
2024-08-26 04:00:00+00:00,mqtt_consumer,gz,0.03625000000000002
2024-08-26 04:01:00+00:00,mqtt_consumer,gz,0.03500000000000002
2024-08-26 04:02:00+00:00,mqtt_consumer,gz,0.03725000000000002
2024-08-26 04:03:00+00:00,mqtt_consumer,gz,0.03625000000000002
2024-08-26 04:04:00+00:00,mqtt_consumer,gz,0.03650000000000002
2024-08-26 04:05:00+00:00,mqtt_consumer,gz,0.03500000000000002
2024-08-26 04:06:00+00:00,mqtt_consumer,gz,0.03450000000000002
2024-08-26 04:07:00+00:00,mqtt_consumer,gz,0.03575000000000002
2024-08-26 04:08:00+00:00,mqtt_consumer,gz,0.03450000000000002
2024-08-26 04:09:00+00:00,mqtt_consumer,gz,0.03600000000000002
2024-08-26 04:10:00+00:00,mqtt_consumer,gz,0.03575000000000002
2024-08-26 04:11:00+00:00,mqtt_consumer,gz,0.03575000000000002
2024-08-26 04:12:00+00:00,mqtt_consumer,gz,0.03550000000000002
2024-08-26 04:13:00+00:00,mqtt_consumer,gz,0.03550000000000002
2024-08-26 04:14:00+00:00,mqtt_consumer,gz,0.03425000000000002
2024-08-26 04:15:00+00:00,mqtt_consumer,gz,0.03525000000000002
2024-08-26 04:16:00+00:00,mqtt_consumer,gz,0.03425000000000002
2024-08-26 04:17:00+00:00,mqtt_consumer,gz,0.03575000000000002
2024-08-26 04:18:00+00:00,mqtt_consumer,gz,0.03625000000000002
2024-08-26 04:19:00+00:00,mqtt_consumer,gz,0.03525000000000002
2024-08-26 04:20:00+00:00,mqtt_consumer,gz,0.03600000000000002
2024-08-26 04:21:00+00:00,mqtt_consumer,gz,0.033750000000000016
2024-08-26 04:22:00+00:00,mqtt_consumer,gz,0.03650000000000002
2024-08-26 04:23:00+00:00,mqtt_consumer,gz,0.033500000000000016
2024-08-26 04:24:00+00:00,mqtt_consumer,gz,0.03450000000000002
2024-08-26 04:25:00+00:00,mqtt_consumer,gz,0.03675000000000002
2024-08-26 04:26:00+00:00,mqtt_consumer,gz,0.03500000000000002
2024-08-26 04:27:00+00:00,mqtt_consumer,gz,0.03525000000000002
2024-08-26 04:28:00+00:00,mqtt_consumer,gz,0.03550000000000002
2024-08-26 04:29:00+00:00,mqtt_consumer,gz,0.03475000000000002
2024-08-26 04:30:00+00:00,mqtt_consumer,gz,0.03550000000000002
2024-08-26 04:31:00+00:00,mqtt_consumer,gz,0.03425000000000002
2024-08-26 04:32:00+00:00,mqtt_consumer,gz,0.03550000000000002
2024-08-26 04:33:00+00:00,mqtt_consumer,gz,0.033750000000000016
2024-08-26 04:34:00+00:00,mqtt_consumer,gz,0.033500000000000016
2024-08-26 04:35:00+00:00,mqtt_consumer,gz,0.032750000000000015
2024-08-26 04:36:00+00:00,mqtt_consumer,gz,0.03425000000000002
2024-08-26 04:37:00+00:00,mqtt_consumer,gz,0.03550000000000002
2024-08-26 04:38:00+00:00,mqtt_consumer,gz,0.03625000000000002
2024-08-26 04:39:00+00:00,mqtt_consumer,gz,0.03550000000000002
2024-08-26 04:40:00+00:00,mqtt_consumer,gz,0.03650000000000002
2024-08-26 04:41:00+00:00,mqtt_consumer,gz,0.03500000000000002
2024-08-26 04:42:00+00:00,mqtt_consumer,gz,0.030500000000000017
2024-08-26 04:43:00+00:00,mqtt_consumer,gz,0.03500000000000002
2024-08-26 04:44:00+00:00,mqtt_consumer,gz,0.03777777777777777
2024-08-26 02:20:00+00:00,mqtt_consumer,temp,30.264444444444447
2024-08-26 02:21:00+00:00,mqtt_consumer,temp,30.448500000000003
2024-08-26 02:22:00+00:00,mqtt_consumer,temp,30.544749999999993
2024-08-26 02:23:00+00:00,mqtt_consumer,temp,30.640000000000004
2024-08-26 02:24:00+00:00,mqtt_consumer,temp,30.672500000000014
2024-08-26 02:25:00+00:00,mqtt_consumer,temp,30.702105263157904
2024-08-26 02:26:00+00:00,mqtt_consumer,temp,30.72050000000001
2024-08-26 02:27:00+00:00,mqtt_consumer,temp,30.713000000000005
2024-08-26 02:28:00+00:00,mqtt_consumer,temp,30.709750000000014
2024-08-26 02:29:00+00:00,mqtt_consumer,temp,30.70725000000001
2024-08-26 02:30:00+00:00,mqtt_consumer,temp,30.69875000000001
2024-08-26 02:31:00+00:00,mqtt_consumer,temp,30.70275000000001
2024-08-26 02:32:00+00:00,mqtt_consumer,temp,30.69075000000001
2024-08-26 02:33:00+00:00,mqtt_consumer,temp,30.668250000000018
2024-08-26 02:34:00+00:00,mqtt_consumer,temp,30.66450000000001
2024-08-26 02:35:00+00:00,mqtt_consumer,temp,30.666750000000008
2024-08-26 02:36:00+00:00,mqtt_consumer,temp,30.65700000000001
2024-08-26 02:37:00+00:00,mqtt_consumer,temp,30.646750000000004
2024-08-26 02:38:00+00:00,mqtt_consumer,temp,30.633749999999992
2024-08-26 02:39:00+00:00,mqtt_consumer,temp,30.637499999999996
2024-08-26 02:40:00+00:00,mqtt_consumer,temp,30.629749999999994
2024-08-26 02:41:00+00:00,mqtt_consumer,temp,30.635
2024-08-26 02:42:00+00:00,mqtt_consumer,temp,30.642249999999997
2024-08-26 02:43:00+00:00,mqtt_consumer,temp,30.630249999999997
2024-08-26 02:44:00+00:00,mqtt_consumer,temp,30.622000000000003
2024-08-26 02:45:00+00:00,mqtt_consumer,temp,30.604499999999994
2024-08-26 02:46:00+00:00,mqtt_consumer,temp,30.602750000000004
2024-08-26 02:47:00+00:00,mqtt_consumer,temp,30.609
2024-08-26 02:48:00+00:00,mqtt_consumer,temp,30.60575
2024-08-26 02:49:00+00:00,mqtt_consumer,temp,30.600749999999994
2024-08-26 02:50:00+00:00,mqtt_consumer,temp,30.588749999999997
2024-08-26 02:51:00+00:00,mqtt_consumer,temp,30.583999999999996
2024-08-26 02:52:00+00:00,mqtt_consumer,temp,30.599999999999994
2024-08-26 02:53:00+00:00,mqtt_consumer,temp,30.607
2024-08-26 02:54:00+00:00,mqtt_consumer,temp,30.598249999999997
2024-08-26 02:55:00+00:00,mqtt_consumer,temp,30.593999999999994
2024-08-26 02:56:00+00:00,mqtt_consumer,temp,30.601
2024-08-26 02:57:00+00:00,mqtt_consumer,temp,30.58299999999999
2024-08-26 02:58:00+00:00,mqtt_consumer,temp,30.593749999999993
2024-08-26 02:59:00+00:00,mqtt_consumer,temp,30.594499999999993
2024-08-26 03:00:00+00:00,mqtt_consumer,temp,30.592750000000002
2024-08-26 03:01:00+00:00,mqtt_consumer,temp,30.594
2024-08-26 03:02:00+00:00,mqtt_consumer,temp,30.595
2024-08-26 03:03:00+00:00,mqtt_consumer,temp,30.587249999999983
2024-08-26 03:04:00+00:00,mqtt_consumer,temp,30.58699999999999
2024-08-26 03:05:00+00:00,mqtt_consumer,temp,30.570749999999983
2024-08-26 03:06:00+00:00,mqtt_consumer,temp,30.596249999999998
2024-08-26 03:07:00+00:00,mqtt_consumer,temp,30.58824999999998
2024-08-26 03:08:00+00:00,mqtt_consumer,temp,30.60025
2024-08-26 03:09:00+00:00,mqtt_consumer,temp,30.594249999999988
2024-08-26 03:10:00+00:00,mqtt_consumer,temp,30.60525
2024-08-26 03:11:00+00:00,mqtt_consumer,temp,30.59149999999999
2024-08-26 03:12:00+00:00,mqtt_consumer,temp,30.602749999999997
2024-08-26 03:13:00+00:00,mqtt_consumer,temp,30.59499999999999
2024-08-26 03:14:00+00:00,mqtt_consumer,temp,30.594999999999988
2024-08-26 03:15:00+00:00,mqtt_consumer,temp,30.603500000000007
2024-08-26 03:16:00+00:00,mqtt_consumer,temp,30.593249999999994
2024-08-26 03:17:00+00:00,mqtt_consumer,temp,30.586749999999995
2024-08-26 03:18:00+00:00,mqtt_consumer,temp,30.608999999999998
2024-08-26 03:19:00+00:00,mqtt_consumer,temp,30.58025
2024-08-26 03:20:00+00:00,mqtt_consumer,temp,30.562999999999988
2024-08-26 03:21:00+00:00,mqtt_consumer,temp,30.582749999999997
2024-08-26 03:22:00+00:00,mqtt_consumer,temp,30.594249999999988
2024-08-26 03:23:00+00:00,mqtt_consumer,temp,30.59625000000001
2024-08-26 03:24:00+00:00,mqtt_consumer,temp,30.579499999999996
2024-08-26 03:25:00+00:00,mqtt_consumer,temp,30.579249999999995
2024-08-26 03:26:00+00:00,mqtt_consumer,temp,30.584749999999993
2024-08-26 03:27:00+00:00,mqtt_consumer,temp,30.570749999999986
2024-08-26 03:28:00+00:00,mqtt_consumer,temp,30.565999999999995
2024-08-26 03:29:00+00:00,mqtt_consumer,temp,30.57349999999999
2024-08-26 03:30:00+00:00,mqtt_consumer,temp,30.569249999999993
2024-08-26 03:31:00+00:00,mqtt_consumer,temp,30.55299999999999
2024-08-26 03:32:00+00:00,mqtt_consumer,temp,30.552749999999996
2024-08-26 03:33:00+00:00,mqtt_consumer,temp,30.55224999999998
2024-08-26 03:34:00+00:00,mqtt_consumer,temp,30.54
2024-08-26 03:35:00+00:00,mqtt_consumer,temp,30.55649999999999
2024-08-26 03:36:00+00:00,mqtt_consumer,temp,30.54574999999999
2024-08-26 03:37:00+00:00,mqtt_consumer,temp,30.532999999999987
2024-08-26 03:38:00+00:00,mqtt_consumer,temp,30.534249999999993
2024-08-26 03:39:00+00:00,mqtt_consumer,temp,30.558
2024-08-26 03:40:00+00:00,mqtt_consumer,temp,30.54125
2024-08-26 03:41:00+00:00,mqtt_consumer,temp,30.555499999999988
2024-08-26 03:42:00+00:00,mqtt_consumer,temp,30.574749999999995
2024-08-26 03:43:00+00:00,mqtt_consumer,temp,30.530999999999988
2024-08-26 03:44:00+00:00,mqtt_consumer,temp,30.525499999999987
2024-08-26 03:45:00+00:00,mqtt_consumer,temp,30.538999999999998
2024-08-26 03:46:00+00:00,mqtt_consumer,temp,30.53724999999998
2024-08-26 03:47:00+00:00,mqtt_consumer,temp,30.526499999999988
2024-08-26 03:48:00+00:00,mqtt_consumer,temp,30.537749999999996
2024-08-26 03:49:00+00:00,mqtt_consumer,temp,30.515499999999996
2024-08-26 03:50:00+00:00,mqtt_consumer,temp,30.507249999999992
2024-08-26 03:51:00+00:00,mqtt_consumer,temp,30.521749999999997
2024-08-26 03:52:00+00:00,mqtt_consumer,temp,30.514749999999985
2024-08-26 03:53:00+00:00,mqtt_consumer,temp,30.50625
2024-08-26 03:54:00+00:00,mqtt_consumer,temp,30.486750000000008
2024-08-26 03:55:00+00:00,mqtt_consumer,temp,30.492250000000002
2024-08-26 03:56:00+00:00,mqtt_consumer,temp,30.502750000000002
2024-08-26 03:57:00+00:00,mqtt_consumer,temp,30.49725
2024-08-26 03:58:00+00:00,mqtt_consumer,temp,30.485750000000007
2024-08-26 03:59:00+00:00,mqtt_consumer,temp,30.466
2024-08-26 04:00:00+00:00,mqtt_consumer,temp,30.46125
2024-08-26 04:01:00+00:00,mqtt_consumer,temp,30.471750000000004
2024-08-26 04:02:00+00:00,mqtt_consumer,temp,30.45300000000001
2024-08-26 04:03:00+00:00,mqtt_consumer,temp,30.45875
2024-08-26 04:04:00+00:00,mqtt_consumer,temp,30.431500000000018
2024-08-26 04:05:00+00:00,mqtt_consumer,temp,30.439500000000002
2024-08-26 04:06:00+00:00,mqtt_consumer,temp,30.415750000000003
2024-08-26 04:07:00+00:00,mqtt_consumer,temp,30.436000000000007
2024-08-26 04:08:00+00:00,mqtt_consumer,temp,30.407
2024-08-26 04:09:00+00:00,mqtt_consumer,temp,30.413250000000012
2024-08-26 04:10:00+00:00,mqtt_consumer,temp,30.39575
2024-08-26 04:11:00+00:00,mqtt_consumer,temp,30.40825
2024-08-26 04:12:00+00:00,mqtt_consumer,temp,30.415
2024-08-26 04:13:00+00:00,mqtt_consumer,temp,30.397250000000007
2024-08-26 04:14:00+00:00,mqtt_consumer,temp,30.389249999999997
2024-08-26 04:15:00+00:00,mqtt_consumer,temp,30.381000000000007
2024-08-26 04:16:00+00:00,mqtt_consumer,temp,30.381749999999993
2024-08-26 04:17:00+00:00,mqtt_consumer,temp,30.372499999999995
2024-08-26 04:18:00+00:00,mqtt_consumer,temp,30.36775000000001
2024-08-26 04:19:00+00:00,mqtt_consumer,temp,30.38225
2024-08-26 04:20:00+00:00,mqtt_consumer,temp,30.372250000000015
2024-08-26 04:21:00+00:00,mqtt_consumer,temp,30.36225
2024-08-26 04:22:00+00:00,mqtt_consumer,temp,30.36425
2024-08-26 04:23:00+00:00,mqtt_consumer,temp,30.363
2024-08-26 04:24:00+00:00,mqtt_consumer,temp,30.352999999999998
2024-08-26 04:25:00+00:00,mqtt_consumer,temp,30.345999999999997
2024-08-26 04:26:00+00:00,mqtt_consumer,temp,30.358750000000004
2024-08-26 04:27:00+00:00,mqtt_consumer,temp,30.3365
2024-08-26 04:28:00+00:00,mqtt_consumer,temp,30.367249999999995
2024-08-26 04:29:00+00:00,mqtt_consumer,temp,30.338749999999994
2024-08-26 04:30:00+00:00,mqtt_consumer,temp,30.333499999999997
2024-08-26 04:31:00+00:00,mqtt_consumer,temp,30.36549999999999
2024-08-26 04:32:00+00:00,mqtt_consumer,temp,30.333999999999993
2024-08-26 04:33:00+00:00,mqtt_consumer,temp,30.33825
2024-08-26 04:34:00+00:00,mqtt_consumer,temp,30.330499999999994
2024-08-26 04:35:00+00:00,mqtt_consumer,temp,30.350999999999992
2024-08-26 04:36:00+00:00,mqtt_consumer,temp,30.374750000000006
2024-08-26 04:37:00+00:00,mqtt_consumer,temp,30.396000000000004
2024-08-26 04:38:00+00:00,mqtt_consumer,temp,30.435250000000003
2024-08-26 04:39:00+00:00,mqtt_consumer,temp,30.43175000000001
2024-08-26 04:40:00+00:00,mqtt_consumer,temp,30.421749999999996
2024-08-26 04:41:00+00:00,mqtt_consumer,temp,30.44075
2024-08-26 04:42:00+00:00,mqtt_consumer,temp,30.435750000000002
2024-08-26 04:43:00+00:00,mqtt_consumer,temp,30.463499999999993
2024-08-26 04:44:00+00:00,mqtt_consumer,temp,30.5
